{
    "domain": "th",
    "subdomain": "net",
    "url": [
        "www.uni.net.th"
    ],
    "activehttp": 1,
    "inactivehttp": 0,
    "activehttps": 1,
    "inactivehttps": 0,
    "havecertificate": 1,
    "nothavecertificate": 0,
    "code": {
        "200": 1,
        "other": 0
    },
    "scode": {
        "200": 1,
        "other": 0
    },
    "protocol": {
        "TLS1": 1
    },
    "timestamp": 1545562316644,
    "score": [
        0.3333333333333333,
        0.3333333333333333,
        0.3333333333333333,
        0.3333333333333333,
        0,
        0.16666666666666666
    ],
    "grade": [
        "1.5",
        "f"
    ]
}